﻿<?xml version="1.0" encoding="UTF-8" standalone="yes"?>
<addon id="repository.MasOS-Team.kodi" name="MasOS Team REPO" version="0.5.0" provider-name="DOCK-PI3">
	<extension point="xbmc.addon.repository" name="MasOS Team Repository">
		<info compressed="false">http://raw.github.com/DOCK-PI3/MasOS-Team-kodi-repo/master/addons.xml</info>
		<checksum>http://raw.github.com/DOCK-PI3/MasOS-Team-kodi-repo/master/addons.xml.md5</checksum>
		<datadir zip="true">http://raw.github.com/DOCK-PI3/MasOS-Team-kodi-repo/master/repo/</datadir>
	</extension>
	<extension point="xbmc.addon.metadata">
		<summary>Repository Addons</summary>
		<description>Repo creado por MasOS Team para kodi ,los mejores addons aqui en nuestro repo.</description>
		<disclaimer></disclaimer>
		<platform>all</platform>
	</extension>
</addon>