<?xml version="1.0" encoding="UTF-8" standalone="yes"?>
<addon id="plugin.video.tutosmasosteam"
	name="MasOS Team tutoriales"
	version="2.5"
	provider-name="DOCK-PI3">
  <requires>
    <import addon="xbmc.python" version="2.14.0"/>
    <import addon="script.module.addon.common" version="2.0.0"/>
    <import addon="plugin.video.youtube" version="5.0.0"/>
  </requires>
  <extension point="xbmc.python.pluginsource" library="default.py">
    <provides>video</provides>
  </extension>
  <extension point="xbmc.addon.metadata">
    <summary lang="es">MasOS Team Canal Youtube </summary>
    <description lang="es">Canal dedicado a ofrecer tutoriales y tips sobre el mundo del arcade retro y otros videos de interes.</description>
    <platform>all</platform>
    <website>http://masos.dx.am/</website>
    <email>dock.pi3@gmail.com</email>
    <assets>
        <icon>icon.png</icon>
        <fanart>fanart.png</fanart>
		</assets>
       </extension>
</addon>